﻿[{"name": "가정", "frequency": 5, "index": 2}, {"name": "강남", "frequency": 22, "index": 8}, {"name": "강성태", "frequency": 9, "index": 11}, {"name": "결과", "frequency": 6, "index": 22}, {"name": "계층", "frequency": 8, "index": 27}, {"name": "고교", "frequency": 8, "index": 29}, {"name": "고등", "frequency": 8, "index": 31}, {"name": "고른", "frequency": 6, "index": 32}, {"name": "공부", "frequency": 14, "index": 43}, {"name": "공정", "frequency": 6, "index": 47}, {"name": "과정", "frequency": 14, "index": 54}, {"name": "과학", "frequency": 6, "index": 56}, {"name": "교과", "frequency": 24, "index": 63}, {"name": "교육", "frequency": 29, "index": 67}, {"name": "기재", "frequency": 5, "index": 86}, {"name": "기회", "frequency": 8, "index": 90}, {"name": "내신", "frequency": 16, "index": 98}, {"name": "논의", "frequency": 6, "index": 107}, {"name": "능력", "frequency": 5, "index": 109}, {"name": "다음", "frequency": 15, "index": 111}, {"name": "대표", "frequency": 16, "index": 129}, {"name": "대학", "frequency": 32, "index": 130}, {"name": "데이터", "frequency": 15, "index": 133}, {"name": "동안", "frequency": 6, "index": 145}, {"name": "등급", "frequency": 5, "index": 148}, {"name": "문제", "frequency": 40, "index": 165}, {"name": "반대", "frequency": 6, "index": 173}, {"name": "반응", "frequency": 8, "index": 178}, {"name": "발표", "frequency": 8, "index": 182}, {"name": "부모", "frequency": 10, "index": 201}, {"name": "비교", "frequency": 5, "index": 210}, {"name": "비율", "frequency": 18, "index": 214}, {"name": "비중", "frequency": 8, "index": 216}, {"name": "비판", "frequency": 7, "index": 217}, {"name": "상위", "frequency": 6, "index": 230}, {"name": "상황", "frequency": 9, "index": 232}, {"name": "서열", "frequency": 7, "index": 236}, {"name": "서울", "frequency": 6, "index": 238}, {"name": "서울대", "frequency": 10, "index": 239}, {"name": "선생", "frequency": 24, "index": 245}, {"name": "소개", "frequency": 7, "index": 258}, {"name": "수능", "frequency": 64, "index": 265}, {"name": "수시", "frequency": 12, "index": 268}, {"name": "수업", "frequency": 5, "index": 270}, {"name": "수행", "frequency": 9, "index": 273}, {"name": "시간", "frequency": 5, "index": 278}, {"name": "시험", "frequency": 11, "index": 289}, {"name": "실태", "frequency": 5, "index": 296}, {"name": "아이", "frequency": 5, "index": 301}, {"name": "여론", "frequency": 9, "index": 317}, {"name": "예전", "frequency": 5, "index": 330}, {"name": "위주", "frequency": 5, "index": 345}, {"name": "유리", "frequency": 20, "index": 346}, {"name": "읍면", "frequency": 5, "index": 350}, {"name": "의견", "frequency": 7, "index": 352}, {"name": "이야기", "frequency": 8, "index": 359}, {"name": "이유", "frequency": 5, "index": 361}, {"name": "이해", "frequency": 6, "index": 363}, {"name": "이현", "frequency": 9, "index": 364}, {"name": "일반", "frequency": 33, "index": 377}, {"name": "입장", "frequency": 8, "index": 383}, {"name": "입학", "frequency": 6, "index": 384}, {"name": "자료", "frequency": 14, "index": 388}, {"name": "자사", "frequency": 11, "index": 391}, {"name": "작년", "frequency": 8, "index": 396}, {"name": "전형", "frequency": 55, "index": 417}, {"name": "정시", "frequency": 39, "index": 425}, {"name": "제도", "frequency": 5, "index": 433}, {"name": "조사", "frequency": 9, "index": 435}, {"name": "종합", "frequency": 28, "index": 437}, {"name": "준비", "frequency": 5, "index": 443}, {"name": "중심", "frequency": 8, "index": 445}, {"name": "지역", "frequency": 10, "index": 453}, {"name": "진학", "frequency": 10, "index": 458}, {"name": "차별", "frequency": 5, "index": 464}, {"name": "최근", "frequency": 5, "index": 476}, {"name": "출제", "frequency": 7, "index": 481}, {"name": "특목", "frequency": 9, "index": 496}, {"name": "특정", "frequency": 7, "index": 499}, {"name": "평가", "frequency": 14, "index": 507}, {"name": "평균", "frequency": 5, "index": 508}, {"name": "필요", "frequency": 5, "index": 516}, {"name": "학교", "frequency": 51, "index": 519}, {"name": "학생", "frequency": 89, "index": 522}, {"name": "학종", "frequency": 55, "index": 527}, {"name": "합격", "frequency": 14, "index": 531}, {"name": "현장", "frequency": 6, "index": 543}, {"name": "확대", "frequency": 23, "index": 548}]