{"0":{"기본":{"term":"기본","sentenceIndexes":[0,1,3,5]},"소득":{"term":"소득","sentenceIndexes":[0,1,3,4,5,6]},"안심":{"term":"안심","sentenceIndexes":[0,1,4,6]}},"1":{"기본":{"term":"기본","sentenceIndexes":[0,1,3,5]},"소득":{"term":"소득","sentenceIndexes":[0,1,3,4,5,6]},"안심":{"term":"안심","sentenceIndexes":[0,1,4,6]},"효과":{"term":"효과","sentenceIndexes":[1,4,5,6,7]}},"2":{},"3":{"기본":{"term":"기본","sentenceIndexes":[0,1,3,5]},"소득":{"term":"소득","sentenceIndexes":[0,1,3,4,5,6]}},"4":{"안심":{"term":"안심","sentenceIndexes":[0,1,4,6]},"소득":{"term":"소득","sentenceIndexes":[0,1,3,4,5,6]},"효과":{"term":"효과","sentenceIndexes":[1,4,5,6,7]}},"5":{"기본":{"term":"기본","sentenceIndexes":[0,1,3,5]},"소득":{"term":"소득","sentenceIndexes":[0,1,3,4,5,6]},"효과":{"term":"효과","sentenceIndexes":[1,4,5,6,7]}},"6":{"안심":{"term":"안심","sentenceIndexes":[0,1,4,6]},"소득":{"term":"소득","sentenceIndexes":[0,1,3,4,5,6]},"효과":{"term":"효과","sentenceIndexes":[1,4,5,6,7]}},"7":{"효과":{"term":"효과","sentenceIndexes":[1,4,5,6,7]}},"8":{}}