{"0":{"모병":{"term":"모병","sentenceIndexes":[0,2,3,6,10,14,16]}},"1":{},"2":{"모병":{"term":"모병","sentenceIndexes":[0,2,3,6,10,14,16]},"찬성":{"term":"찬성","sentenceIndexes":[2,13]}},"3":{"모병":{"term":"모병","sentenceIndexes":[0,2,3,6,10,14,16]},"도입":{"term":"도입","sentenceIndexes":[3,10,14]}},"4":{"군사":{"term":"군사","sentenceIndexes":[4,7]},"국방":{"term":"국방","sentenceIndexes":[4,11]},"김종대":{"term":"김종대","sentenceIndexes":[4,15]},"의원":{"term":"의원","sentenceIndexes":[4,15]}},"5":{"위원":{"term":"위원","sentenceIndexes":[5,8]},"자리":{"term":"자리","sentenceIndexes":[5,8]}},"6":{"모병":{"term":"모병","sentenceIndexes":[0,2,3,6,10,14,16]},"반대":{"term":"반대","sentenceIndexes":[6,13]}},"7":{"군사":{"term":"군사","sentenceIndexes":[4,7]}},"8":{"위원":{"term":"위원","sentenceIndexes":[5,8]},"자리":{"term":"자리","sentenceIndexes":[5,8]}},"9":{"민주":{"term":"민주","sentenceIndexes":[9,16,26]},"연구":{"term":"연구","sentenceIndexes":[9,16,17,26]}},"10":{"모병":{"term":"모병","sentenceIndexes":[0,2,3,6,10,14,16]},"도입":{"term":"도입","sentenceIndexes":[3,10,14]},"내용":{"term":"내용","sentenceIndexes":[10,11]}},"11":{"국방":{"term":"국방","sentenceIndexes":[4,11]},"내용":{"term":"내용","sentenceIndexes":[10,11]},"인구":{"term":"인구","sentenceIndexes":[11,18,26]},"절벽":{"term":"절벽","sentenceIndexes":[11,18,26]}},"12":{},"13":{"찬성":{"term":"찬성","sentenceIndexes":[2,13]},"반대":{"term":"반대","sentenceIndexes":[6,13]}},"14":{"모병":{"term":"모병","sentenceIndexes":[0,2,3,6,10,14,16]},"도입":{"term":"도입","sentenceIndexes":[3,10,14]}},"15":{"김종대":{"term":"김종대","sentenceIndexes":[4,15]},"의원":{"term":"의원","sentenceIndexes":[4,15]}},"16":{"민주":{"term":"민주","sentenceIndexes":[9,16,26]},"연구":{"term":"연구","sentenceIndexes":[9,16,17,26]},"모병":{"term":"모병","sentenceIndexes":[0,2,3,6,10,14,16]},"문제":{"term":"문제","sentenceIndexes":[16,17]},"제기":{"term":"제기","sentenceIndexes":[16,17]}},"17":{"연구":{"term":"연구","sentenceIndexes":[9,16,17,26]},"문제":{"term":"문제","sentenceIndexes":[16,17]},"제기":{"term":"제기","sentenceIndexes":[16,17]}},"18":{"인구":{"term":"인구","sentenceIndexes":[11,18,26]},"절벽":{"term":"절벽","sentenceIndexes":[11,18,26]},"군대":{"term":"군대","sentenceIndexes":[18,19,21,30,35]},"쓰나미":{"term":"쓰나미","sentenceIndexes":[18,19]},"충격":{"term":"충격","sentenceIndexes":[18,19]},"영향":{"term":"영향","sentenceIndexes":[18,19]}},"19":{"군대":{"term":"군대","sentenceIndexes":[18,19,21,30,35]},"쓰나미":{"term":"쓰나미","sentenceIndexes":[18,19]},"충격":{"term":"충격","sentenceIndexes":[18,19]},"영향":{"term":"영향","sentenceIndexes":[18,19]},"보완":{"term":"보완","sentenceIndexes":[19,30]}},"20":{},"21":{"군대":{"term":"군대","sentenceIndexes":[18,19,21,30,35]}},"22":{},"23":{},"24":{},"25":{},"26":{"민주":{"term":"민주","sentenceIndexes":[9,16,26]},"연구":{"term":"연구","sentenceIndexes":[9,16,17,26]},"인구":{"term":"인구","sentenceIndexes":[11,18,26]},"절벽":{"term":"절벽","sentenceIndexes":[11,18,26]},"찬성":{"term":"찬성","sentenceIndexes":[26,33]}},"27":{},"28":{},"29":{"위협":{"term":"위협","sentenceIndexes":[29,30]}},"30":{"위협":{"term":"위협","sentenceIndexes":[29,30]},"군대":{"term":"군대","sentenceIndexes":[18,19,21,30,35]},"보완":{"term":"보완","sentenceIndexes":[19,30]},"모병":{"term":"모병","sentenceIndexes":[30,32,36]}},"31":{},"32":{"모병":{"term":"모병","sentenceIndexes":[30,32,36]}},"33":{"찬성":{"term":"찬성","sentenceIndexes":[26,33]},"근본":{"term":"근본","sentenceIndexes":[33,36]},"해결":{"term":"해결","sentenceIndexes":[33,36]}},"34":{"진급":{"term":"진급","sentenceIndexes":[34,35]},"과정":{"term":"과정","sentenceIndexes":[34,37]}},"35":{"진급":{"term":"진급","sentenceIndexes":[34,35]},"군대":{"term":"군대","sentenceIndexes":[18,19,21,30,35]}},"36":{"근본":{"term":"근본","sentenceIndexes":[33,36]},"해결":{"term":"해결","sentenceIndexes":[33,36]},"모병":{"term":"모병","sentenceIndexes":[30,32,36]}},"37":{"과정":{"term":"과정","sentenceIndexes":[34,37]}},"38":{},"39":{},"40":{"유지":{"term":"유지","sentenceIndexes":[40,41,42,44,45]},"애초":{"term":"애초","sentenceIndexes":[40,42]},"불가능":{"term":"불가능","sentenceIndexes":[40,42]}},"41":{"유지":{"term":"유지","sentenceIndexes":[40,41,42,44,45]},"보병":{"term":"보병","sentenceIndexes":[41,44]}},"42":{"애초":{"term":"애초","sentenceIndexes":[40,42]},"유지":{"term":"유지","sentenceIndexes":[40,41,42,44,45]},"불가능":{"term":"불가능","sentenceIndexes":[40,42]}},"43":{"인구":{"term":"인구","sentenceIndexes":[43,51]}},"44":{"보병":{"term":"보병","sentenceIndexes":[41,44]},"유지":{"term":"유지","sentenceIndexes":[40,41,42,44,45]}},"45":{"유지":{"term":"유지","sentenceIndexes":[40,41,42,44,45]},"복무":{"term":"복무","sentenceIndexes":[45,46]},"연장":{"term":"연장","sentenceIndexes":[45,46]}},"46":{"복무":{"term":"복무","sentenceIndexes":[45,46]},"연장":{"term":"연장","sentenceIndexes":[45,46]},"징병":{"term":"징병","sentenceIndexes":[46,53]},"주장":{"term":"주장","sentenceIndexes":[46,53,55]}},"47":{"국방":{"term":"국방","sentenceIndexes":[47,49]},"강화":{"term":"강화","sentenceIndexes":[47,49]}},"48":{},"49":{"국방":{"term":"국방","sentenceIndexes":[47,49]},"강화":{"term":"강화","sentenceIndexes":[47,49]}},"50":{"경제":{"term":"경제","sentenceIndexes":[50,51]}},"51":{"경제":{"term":"경제","sentenceIndexes":[50,51]},"인구":{"term":"인구","sentenceIndexes":[43,51]},"사회":{"term":"사회","sentenceIndexes":[51,52]},"청년":{"term":"청년","sentenceIndexes":[51,53]},"시작":{"term":"시작","sentenceIndexes":[51,59]}},"52":{"사회":{"term":"사회","sentenceIndexes":[51,52]}},"53":{"청년":{"term":"청년","sentenceIndexes":[51,53]},"징병":{"term":"징병","sentenceIndexes":[46,53]},"주장":{"term":"주장","sentenceIndexes":[46,53,55]}},"54":{"위원":{"term":"위원","sentenceIndexes":[54,64]}},"55":{"주장":{"term":"주장","sentenceIndexes":[46,53,55]},"정부":{"term":"정부","sentenceIndexes":[55,59]}},"56":{"우유":{"term":"우유","sentenceIndexes":[56,57]},"가격":{"term":"가격","sentenceIndexes":[56,57,58,61]},"제한":{"term":"제한","sentenceIndexes":[56,58]}},"57":{"우유":{"term":"우유","sentenceIndexes":[56,57]},"가격":{"term":"가격","sentenceIndexes":[56,57,58,61]}},"58":{"가격":{"term":"가격","sentenceIndexes":[56,57,58,61]},"제한":{"term":"제한","sentenceIndexes":[56,58]}},"59":{"정부":{"term":"정부","sentenceIndexes":[55,59]},"시작":{"term":"시작","sentenceIndexes":[51,59]},"정책":{"term":"정책","sentenceIndexes":[59,61,64,67,69]},"의도":{"term":"의도","sentenceIndexes":[59,63]},"반대":{"term":"반대","sentenceIndexes":[59,64]},"문재인":{"term":"문재인","sentenceIndexes":[59,64]}},"60":{},"61":{"정책":{"term":"정책","sentenceIndexes":[59,61,64,67,69]},"가격":{"term":"가격","sentenceIndexes":[56,57,58,61]}},"62":{},"63":{"의도":{"term":"의도","sentenceIndexes":[59,63]},"모병":{"term":"모병","sentenceIndexes":[63,66,72]}},"64":{"반대":{"term":"반대","sentenceIndexes":[59,64]},"정책":{"term":"정책","sentenceIndexes":[59,61,64,67,69]},"위원":{"term":"위원","sentenceIndexes":[54,64]},"문재인":{"term":"문재인","sentenceIndexes":[59,64]}},"65":{},"66":{"모병":{"term":"모병","sentenceIndexes":[63,66,72]},"연구":{"term":"연구","sentenceIndexes":[66,68]},"보고":{"term":"보고","sentenceIndexes":[66,69,80]},"공식":{"term":"공식","sentenceIndexes":[66,69]},"의견":{"term":"의견","sentenceIndexes":[66,70,71]}},"67":{"정책":{"term":"정책","sentenceIndexes":[59,61,64,67,69]}},"68":{"연구":{"term":"연구","sentenceIndexes":[66,68]}},"69":{"정책":{"term":"정책","sentenceIndexes":[59,61,64,67,69]},"보고":{"term":"보고","sentenceIndexes":[66,69,80]},"공식":{"term":"공식","sentenceIndexes":[66,69]}},"70":{"의견":{"term":"의견","sentenceIndexes":[66,70,71]},"개인":{"term":"개인","sentenceIndexes":[70,71]}},"71":{"개인":{"term":"개인","sentenceIndexes":[70,71]},"의견":{"term":"의견","sentenceIndexes":[66,70,71]}},"72":{"모병":{"term":"모병","sentenceIndexes":[63,66,72]}},"73":{},"74":{},"75":{"보수":{"term":"보수","sentenceIndexes":[75,86]}},"76":{},"77":{"문재인":{"term":"문재인","sentenceIndexes":[77,86,90,92]}},"78":{},"79":{},"80":{"보고":{"term":"보고","sentenceIndexes":[66,69,80]},"정부":{"term":"정부","sentenceIndexes":[80,81,83,86,89,90,91,92]},"인구":{"term":"인구","sentenceIndexes":[80,85,89,98,99,103]}},"81":{"정부":{"term":"정부","sentenceIndexes":[80,81,83,86,89,90,91,92]},"공약":{"term":"공약","sentenceIndexes":[81,82,89,91]},"박근혜":{"term":"박근혜","sentenceIndexes":[81,89,91]}},"82":{"공약":{"term":"공약","sentenceIndexes":[81,82,89,91]}},"83":{"정부":{"term":"정부","sentenceIndexes":[80,81,83,86,89,90,91,92]}},"84":{"김관진":{"term":"김관진","sentenceIndexes":[84,88]},"장관":{"term":"장관","sentenceIndexes":[84,88]}},"85":{"인구":{"term":"인구","sentenceIndexes":[80,85,89,98,99,103]},"적정":{"term":"적정","sentenceIndexes":[85,88]},"이야기":{"term":"이야기","sentenceIndexes":[85,88]}},"86":{"보수":{"term":"보수","sentenceIndexes":[75,86]},"문재인":{"term":"문재인","sentenceIndexes":[77,86,90,92]},"정부":{"term":"정부","sentenceIndexes":[80,81,83,86,89,90,91,92]},"대한민국":{"term":"대한민국","sentenceIndexes":[86,88]},"논의":{"term":"논의","sentenceIndexes":[86,97]}},"87":{},"88":{"김관진":{"term":"김관진","sentenceIndexes":[84,88]},"장관":{"term":"장관","sentenceIndexes":[84,88]},"적정":{"term":"적정","sentenceIndexes":[85,88]},"이야기":{"term":"이야기","sentenceIndexes":[85,88]},"대한민국":{"term":"대한민국","sentenceIndexes":[86,88]}},"89":{"박근혜":{"term":"박근혜","sentenceIndexes":[81,89,91]},"정부":{"term":"정부","sentenceIndexes":[80,81,83,86,89,90,91,92]},"공약":{"term":"공약","sentenceIndexes":[81,82,89,91]},"인구":{"term":"인구","sentenceIndexes":[80,85,89,98,99,103]},"정책":{"term":"정책","sentenceIndexes":[89,90]}},"90":{"문재인":{"term":"문재인","sentenceIndexes":[77,86,90,92]},"정부":{"term":"정부","sentenceIndexes":[80,81,83,86,89,90,91,92]},"정책":{"term":"정책","sentenceIndexes":[89,90]}},"91":{"박근혜":{"term":"박근혜","sentenceIndexes":[81,89,91]},"정부":{"term":"정부","sentenceIndexes":[80,81,83,86,89,90,91,92]},"공약":{"term":"공약","sentenceIndexes":[81,82,89,91]}},"92":{"문재인":{"term":"문재인","sentenceIndexes":[77,86,90,92]},"정부":{"term":"정부","sentenceIndexes":[80,81,83,86,89,90,91,92]}},"93":{},"94":{},"95":{"정치":{"term":"정치","sentenceIndexes":[95,96]},"문제":{"term":"문제","sentenceIndexes":[95,96]}},"96":{"정치":{"term":"정치","sentenceIndexes":[95,96]},"문제":{"term":"문제","sentenceIndexes":[95,96]},"프레임":{"term":"프레임","sentenceIndexes":[96,97]}},"97":{"프레임":{"term":"프레임","sentenceIndexes":[96,97]},"논의":{"term":"논의","sentenceIndexes":[86,97]}},"98":{"인구":{"term":"인구","sentenceIndexes":[80,85,89,98,99,103]}},"99":{"인구":{"term":"인구","sentenceIndexes":[80,85,89,98,99,103]},"청년":{"term":"청년","sentenceIndexes":[99,102]}},"100":{},"101":{},"102":{"청년":{"term":"청년","sentenceIndexes":[99,102]},"시작":{"term":"시작","sentenceIndexes":[102,113,121]}},"103":{"인구":{"term":"인구","sentenceIndexes":[80,85,89,98,99,103]},"군대":{"term":"군대","sentenceIndexes":[103,107,113,117,125,126,129,130]}},"104":{},"105":{"도움":{"term":"도움","sentenceIndexes":[105,108]},"병사":{"term":"병사","sentenceIndexes":[105,108]}},"106":{},"107":{"군대":{"term":"군대","sentenceIndexes":[103,107,113,117,125,126,129,130]}},"108":{"도움":{"term":"도움","sentenceIndexes":[105,108]},"병사":{"term":"병사","sentenceIndexes":[105,108]},"관리":{"term":"관리","sentenceIndexes":[108,112]}},"109":{},"110":{},"111":{},"112":{"관리":{"term":"관리","sentenceIndexes":[108,112]},"감축":{"term":"감축","sentenceIndexes":[112,117]}},"113":{"군대":{"term":"군대","sentenceIndexes":[103,107,113,117,125,126,129,130]},"시작":{"term":"시작","sentenceIndexes":[102,113,121]},"논의":{"term":"논의","sentenceIndexes":[113,116,117]}},"114":{},"115":{},"116":{"논의":{"term":"논의","sentenceIndexes":[113,116,117]},"김종대":{"term":"김종대","sentenceIndexes":[116,117]},"의원":{"term":"의원","sentenceIndexes":[116,117]},"충원":{"term":"충원","sentenceIndexes":[116,117]},"모병":{"term":"모병","sentenceIndexes":[116,120,125]},"문제":{"term":"문제","sentenceIndexes":[116,120,121,122,131]}},"117":{"감축":{"term":"감축","sentenceIndexes":[112,117]},"논의":{"term":"논의","sentenceIndexes":[113,116,117]},"김종대":{"term":"김종대","sentenceIndexes":[116,117]},"의원":{"term":"의원","sentenceIndexes":[116,117]},"군대":{"term":"군대","sentenceIndexes":[103,107,113,117,125,126,129,130]},"충원":{"term":"충원","sentenceIndexes":[116,117]}},"118":{},"119":{"인구":{"term":"인구","sentenceIndexes":[119,120,121,122]},"절벽":{"term":"절벽","sentenceIndexes":[119,121,122]}},"120":{"인구":{"term":"인구","sentenceIndexes":[119,120,121,122]},"모병":{"term":"모병","sentenceIndexes":[116,120,125]},"문제":{"term":"문제","sentenceIndexes":[116,120,121,122,131]},"청년":{"term":"청년","sentenceIndexes":[120,121]}},"121":{"시작":{"term":"시작","sentenceIndexes":[102,113,121]},"인구":{"term":"인구","sentenceIndexes":[119,120,121,122]},"절벽":{"term":"절벽","sentenceIndexes":[119,121,122]},"청년":{"term":"청년","sentenceIndexes":[120,121]},"문제":{"term":"문제","sentenceIndexes":[116,120,121,122,131]},"해결":{"term":"해결","sentenceIndexes":[121,122,124]}},"122":{"인구":{"term":"인구","sentenceIndexes":[119,120,121,122]},"절벽":{"term":"절벽","sentenceIndexes":[119,121,122]},"문제":{"term":"문제","sentenceIndexes":[116,120,121,122,131]},"해결":{"term":"해결","sentenceIndexes":[121,122,124]}},"123":{},"124":{"해결":{"term":"해결","sentenceIndexes":[121,122,124]}},"125":{"모병":{"term":"모병","sentenceIndexes":[116,120,125]},"군대":{"term":"군대","sentenceIndexes":[103,107,113,117,125,126,129,130]},"위협":{"term":"위협","sentenceIndexes":[125,126]},"나라":{"term":"나라","sentenceIndexes":[125,130]}},"126":{"군대":{"term":"군대","sentenceIndexes":[103,107,113,117,125,126,129,130]},"위협":{"term":"위협","sentenceIndexes":[125,126]}},"127":{"근무":{"term":"근무","sentenceIndexes":[127,128]}},"128":{"근무":{"term":"근무","sentenceIndexes":[127,128]}},"129":{"군대":{"term":"군대","sentenceIndexes":[103,107,113,117,125,126,129,130]}},"130":{"군대":{"term":"군대","sentenceIndexes":[103,107,113,117,125,126,129,130]},"나라":{"term":"나라","sentenceIndexes":[125,130]},"총선":{"term":"총선","sentenceIndexes":[130,131]},"정치":{"term":"정치","sentenceIndexes":[130,131,134,135]},"다음":{"term":"다음","sentenceIndexes":[130,134]}},"131":{"총선":{"term":"총선","sentenceIndexes":[130,131]},"문제":{"term":"문제","sentenceIndexes":[116,120,121,122,131]},"정치":{"term":"정치","sentenceIndexes":[130,131,134,135]}},"132":{},"133":{"사람":{"term":"사람","sentenceIndexes":[133,144]}},"134":{"다음":{"term":"다음","sentenceIndexes":[130,134]},"정치":{"term":"정치","sentenceIndexes":[130,131,134,135]}},"135":{"정치":{"term":"정치","sentenceIndexes":[130,131,134,135]},"토론":{"term":"토론","sentenceIndexes":[135,140,142]}},"136":{},"137":{},"138":{"교수":{"term":"교수","sentenceIndexes":[138,141]}},"139":{},"140":{"토론":{"term":"토론","sentenceIndexes":[135,140,142]}},"141":{"교수":{"term":"교수","sentenceIndexes":[138,141]}},"142":{"토론":{"term":"토론","sentenceIndexes":[135,140,142]}},"143":{"인구":{"term":"인구","sentenceIndexes":[143,144]},"절벽":{"term":"절벽","sentenceIndexes":[143,144]},"모병":{"term":"모병","sentenceIndexes":[143,144,152,159]}},"144":{"사람":{"term":"사람","sentenceIndexes":[133,144]},"인구":{"term":"인구","sentenceIndexes":[143,144]},"절벽":{"term":"절벽","sentenceIndexes":[143,144]},"모병":{"term":"모병","sentenceIndexes":[143,144,152,159]},"군대":{"term":"군대","sentenceIndexes":[144,147,148,152,158,159,160,161,163,172,173,177,178]}},"145":{},"146":{},"147":{"군대":{"term":"군대","sentenceIndexes":[144,147,148,152,158,159,160,161,163,172,173,177,178]},"유지":{"term":"유지","sentenceIndexes":[147,148]}},"148":{"군대":{"term":"군대","sentenceIndexes":[144,147,148,152,158,159,160,161,163,172,173,177,178]},"유지":{"term":"유지","sentenceIndexes":[147,148]}},"149":{"준비":{"term":"준비","sentenceIndexes":[149,160]}},"150":{},"151":{"병력":{"term":"병력","sentenceIndexes":[151,157]},"자체":{"term":"자체","sentenceIndexes":[151,161]}},"152":{"군대":{"term":"군대","sentenceIndexes":[144,147,148,152,158,159,160,161,163,172,173,177,178]},"모병":{"term":"모병","sentenceIndexes":[143,144,152,159]},"방식":{"term":"방식","sentenceIndexes":[152,158,161,169]},"숫자":{"term":"숫자","sentenceIndexes":[152,161]}},"153":{},"154":{},"155":{},"156":{},"157":{"병력":{"term":"병력","sentenceIndexes":[151,157]}},"158":{"군대":{"term":"군대","sentenceIndexes":[144,147,148,152,158,159,160,161,163,172,173,177,178]},"방식":{"term":"방식","sentenceIndexes":[152,158,161,169]},"스마트":{"term":"스마트","sentenceIndexes":[158,159,163,172,177]},"직업":{"term":"직업","sentenceIndexes":[158,160]},"기반":{"term":"기반","sentenceIndexes":[158,160]},"징병":{"term":"징병","sentenceIndexes":[158,160,163]},"소수":{"term":"소수","sentenceIndexes":[158,163]},"정예":{"term":"정예","sentenceIndexes":[158,163]}},"159":{"스마트":{"term":"스마트","sentenceIndexes":[158,159,163,172,177]},"군대":{"term":"군대","sentenceIndexes":[144,147,148,152,158,159,160,161,163,172,173,177,178]},"모병":{"term":"모병","sentenceIndexes":[143,144,152,159]}},"160":{"직업":{"term":"직업","sentenceIndexes":[158,160]},"군대":{"term":"군대","sentenceIndexes":[144,147,148,152,158,159,160,161,163,172,173,177,178]},"기반":{"term":"기반","sentenceIndexes":[158,160]},"징병":{"term":"징병","sentenceIndexes":[158,160,163]},"준비":{"term":"준비","sentenceIndexes":[149,160]}},"161":{"군대":{"term":"군대","sentenceIndexes":[144,147,148,152,158,159,160,161,163,172,173,177,178]},"숫자":{"term":"숫자","sentenceIndexes":[152,161]},"자체":{"term":"자체","sentenceIndexes":[151,161]},"방식":{"term":"방식","sentenceIndexes":[152,158,161,169]}},"162":{},"163":{"스마트":{"term":"스마트","sentenceIndexes":[158,159,163,172,177]},"군대":{"term":"군대","sentenceIndexes":[144,147,148,152,158,159,160,161,163,172,173,177,178]},"소수":{"term":"소수","sentenceIndexes":[158,163]},"정예":{"term":"정예","sentenceIndexes":[158,163]},"징병":{"term":"징병","sentenceIndexes":[158,160,163]}},"164":{"국방":{"term":"국방","sentenceIndexes":[164,169,171,173,174]},"개혁":{"term":"개혁","sentenceIndexes":[164,169,174]}},"165":{},"166":{"체중":{"term":"체중","sentenceIndexes":[166,173]}},"167":{},"168":{"감군":{"term":"감군","sentenceIndexes":[168,169,172,173,174,177]},"의원":{"term":"의원","sentenceIndexes":[168,172,176]},"과정":{"term":"과정","sentenceIndexes":[168,177,178]},"나라":{"term":"나라","sentenceIndexes":[168,178]}},"169":{"감군":{"term":"감군","sentenceIndexes":[168,169,172,173,174,177]},"방식":{"term":"방식","sentenceIndexes":[152,158,161,169]},"국방":{"term":"국방","sentenceIndexes":[164,169,171,173,174]},"개혁":{"term":"개혁","sentenceIndexes":[164,169,174]}},"170":{},"171":{"국방":{"term":"국방","sentenceIndexes":[164,169,171,173,174]},"자주":{"term":"자주","sentenceIndexes":[171,173,174]}},"172":{"의원":{"term":"의원","sentenceIndexes":[168,172,176]},"감군":{"term":"감군","sentenceIndexes":[168,169,172,173,174,177]},"스마트":{"term":"스마트","sentenceIndexes":[158,159,163,172,177]},"군대":{"term":"군대","sentenceIndexes":[144,147,148,152,158,159,160,161,163,172,173,177,178]}},"173":{"감군":{"term":"감군","sentenceIndexes":[168,169,172,173,174,177]},"군대":{"term":"군대","sentenceIndexes":[144,147,148,152,158,159,160,161,163,172,173,177,178]},"체중":{"term":"체중","sentenceIndexes":[166,173]},"자주":{"term":"자주","sentenceIndexes":[171,173,174]},"국방":{"term":"국방","sentenceIndexes":[164,169,171,173,174]},"인력":{"term":"인력","sentenceIndexes":[173,174]},"확충":{"term":"확충","sentenceIndexes":[173,174]},"강화":{"term":"강화","sentenceIndexes":[173,184]}},"174":{"국방":{"term":"국방","sentenceIndexes":[164,169,171,173,174]},"개혁":{"term":"개혁","sentenceIndexes":[164,169,174]},"자주":{"term":"자주","sentenceIndexes":[171,173,174]},"인력":{"term":"인력","sentenceIndexes":[173,174]},"확충":{"term":"확충","sentenceIndexes":[173,174]},"감군":{"term":"감군","sentenceIndexes":[168,169,172,173,174,177]},"병력":{"term":"병력","sentenceIndexes":[174,178,182,184,195,196]}},"175":{},"176":{"의원":{"term":"의원","sentenceIndexes":[168,172,176]}},"177":{"감군":{"term":"감군","sentenceIndexes":[168,169,172,173,174,177]},"스마트":{"term":"스마트","sentenceIndexes":[158,159,163,172,177]},"군대":{"term":"군대","sentenceIndexes":[144,147,148,152,158,159,160,161,163,172,173,177,178]},"과정":{"term":"과정","sentenceIndexes":[168,177,178]},"전투":{"term":"전투","sentenceIndexes":[177,181]}},"178":{"병력":{"term":"병력","sentenceIndexes":[174,178,182,184,195,196]},"군대":{"term":"군대","sentenceIndexes":[144,147,148,152,158,159,160,161,163,172,173,177,178]},"과정":{"term":"과정","sentenceIndexes":[168,177,178]},"나라":{"term":"나라","sentenceIndexes":[168,178]},"현대전":{"term":"현대전","sentenceIndexes":[178,182]},"유지":{"term":"유지","sentenceIndexes":[178,182]},"위주":{"term":"위주","sentenceIndexes":[178,184]},"상황":{"term":"상황","sentenceIndexes":[178,185,187]}},"179":{},"180":{"무기":{"term":"무기","sentenceIndexes":[180,185,186,188,189]}},"181":{"전투":{"term":"전투","sentenceIndexes":[177,181]}},"182":{"현대전":{"term":"현대전","sentenceIndexes":[178,182]},"병력":{"term":"병력","sentenceIndexes":[174,178,182,184,195,196]},"유지":{"term":"유지","sentenceIndexes":[178,182]},"정예":{"term":"정예","sentenceIndexes":[182,184,187,196,197]},"편제":{"term":"편제","sentenceIndexes":[182,184]}},"183":{},"184":{"병력":{"term":"병력","sentenceIndexes":[174,178,182,184,195,196]},"정예":{"term":"정예","sentenceIndexes":[182,184,187,196,197]},"강화":{"term":"강화","sentenceIndexes":[173,184]},"위주":{"term":"위주","sentenceIndexes":[178,184]},"편제":{"term":"편제","sentenceIndexes":[182,184]}},"185":{"무기":{"term":"무기","sentenceIndexes":[180,185,186,188,189]},"상황":{"term":"상황","sentenceIndexes":[178,185,187]},"화학":{"term":"화학","sentenceIndexes":[185,186,188,189]}},"186":{"화학":{"term":"화학","sentenceIndexes":[185,186,188,189]},"무기":{"term":"무기","sentenceIndexes":[180,185,186,188,189]}},"187":{"정예":{"term":"정예","sentenceIndexes":[182,184,187,196,197]},"상황":{"term":"상황","sentenceIndexes":[178,185,187]},"병사":{"term":"병사","sentenceIndexes":[187,189,190]},"확충":{"term":"확충","sentenceIndexes":[187,191]},"징병":{"term":"징병","sentenceIndexes":[187,192,193,201]}},"188":{"화학":{"term":"화학","sentenceIndexes":[185,186,188,189]},"무기":{"term":"무기","sentenceIndexes":[180,185,186,188,189]}},"189":{"병사":{"term":"병사","sentenceIndexes":[187,189,190]},"화학":{"term":"화학","sentenceIndexes":[185,186,188,189]},"무기":{"term":"무기","sentenceIndexes":[180,185,186,188,189]}},"190":{"병사":{"term":"병사","sentenceIndexes":[187,189,190]},"모병":{"term":"모병","sentenceIndexes":[190,192,198,200,202,203,211,212,214]}},"191":{"확충":{"term":"확충","sentenceIndexes":[187,191]}},"192":{"징병":{"term":"징병","sentenceIndexes":[187,192,193,201]},"모병":{"term":"모병","sentenceIndexes":[190,192,198,200,202,203,211,212,214]},"사람":{"term":"사람","sentenceIndexes":[192,193,201,202,203,204]},"가스":{"term":"가스","sentenceIndexes":[192,193]},"감군":{"term":"감군","sentenceIndexes":[192,194]},"군대":{"term":"군대","sentenceIndexes":[192,198,202,203,205,207,210,211,214,216,220]}},"193":{"징병":{"term":"징병","sentenceIndexes":[187,192,193,201]},"사람":{"term":"사람","sentenceIndexes":[192,193,201,202,203,204]},"가스":{"term":"가스","sentenceIndexes":[192,193]}},"194":{"감군":{"term":"감군","sentenceIndexes":[192,194]}},"195":{"병력":{"term":"병력","sentenceIndexes":[174,178,182,184,195,196]},"유지":{"term":"유지","sentenceIndexes":[195,196]}},"196":{"병력":{"term":"병력","sentenceIndexes":[174,178,182,184,195,196]},"유지":{"term":"유지","sentenceIndexes":[195,196]},"정예":{"term":"정예","sentenceIndexes":[182,184,187,196,197]}},"197":{"정예":{"term":"정예","sentenceIndexes":[182,184,187,196,197]}},"198":{"모병":{"term":"모병","sentenceIndexes":[190,192,198,200,202,203,211,212,214]},"군대":{"term":"군대","sentenceIndexes":[192,198,202,203,205,207,210,211,214,216,220]}},"199":{},"200":{"모병":{"term":"모병","sentenceIndexes":[190,192,198,200,202,203,211,212,214]},"군인":{"term":"군인","sentenceIndexes":[200,201]}},"201":{"군인":{"term":"군인","sentenceIndexes":[200,201]},"사람":{"term":"사람","sentenceIndexes":[192,193,201,202,203,204]},"징병":{"term":"징병","sentenceIndexes":[187,192,193,201]},"미국":{"term":"미국","sentenceIndexes":[201,207,218]}},"202":{"모병":{"term":"모병","sentenceIndexes":[190,192,198,200,202,203,211,212,214]},"사람":{"term":"사람","sentenceIndexes":[192,193,201,202,203,204]},"군대":{"term":"군대","sentenceIndexes":[192,198,202,203,205,207,210,211,214,216,220]}},"203":{"모병":{"term":"모병","sentenceIndexes":[190,192,198,200,202,203,211,212,214]},"군대":{"term":"군대","sentenceIndexes":[192,198,202,203,205,207,210,211,214,216,220]},"사람":{"term":"사람","sentenceIndexes":[192,193,201,202,203,204]}},"204":{"사람":{"term":"사람","sentenceIndexes":[192,193,201,202,203,204]}},"205":{"군대":{"term":"군대","sentenceIndexes":[192,198,202,203,205,207,210,211,214,216,220]},"미군":{"term":"미군","sentenceIndexes":[205,206,208]},"로봇":{"term":"로봇","sentenceIndexes":[205,207,210,211]}},"206":{"미군":{"term":"미군","sentenceIndexes":[205,206,208]}},"207":{"미국":{"term":"미국","sentenceIndexes":[201,207,218]},"로봇":{"term":"로봇","sentenceIndexes":[205,207,210,211]},"군대":{"term":"군대","sentenceIndexes":[192,198,202,203,205,207,210,211,214,216,220]}},"208":{"미군":{"term":"미군","sentenceIndexes":[205,206,208]},"숫자":{"term":"숫자","sentenceIndexes":[208,209]}},"209":{"숫자":{"term":"숫자","sentenceIndexes":[208,209]}},"210":{"로봇":{"term":"로봇","sentenceIndexes":[205,207,210,211]},"군대":{"term":"군대","sentenceIndexes":[192,198,202,203,205,207,210,211,214,216,220]}},"211":{"로봇":{"term":"로봇","sentenceIndexes":[205,207,210,211]},"군대":{"term":"군대","sentenceIndexes":[192,198,202,203,205,207,210,211,214,216,220]},"모병":{"term":"모병","sentenceIndexes":[190,192,198,200,202,203,211,212,214]},"장비":{"term":"장비","sentenceIndexes":[211,217]}},"212":{"모병":{"term":"모병","sentenceIndexes":[190,192,198,200,202,203,211,212,214]},"필요":{"term":"필요","sentenceIndexes":[212,221]}},"213":{},"214":{"군대":{"term":"군대","sentenceIndexes":[192,198,202,203,205,207,210,211,214,216,220]},"모병":{"term":"모병","sentenceIndexes":[190,192,198,200,202,203,211,212,214]}},"215":{},"216":{"군대":{"term":"군대","sentenceIndexes":[192,198,202,203,205,207,210,211,214,216,220]}},"217":{"장비":{"term":"장비","sentenceIndexes":[211,217]},"지상":{"term":"지상","sentenceIndexes":[217,218,227]},"투입":{"term":"투입","sentenceIndexes":[217,218]},"첨단":{"term":"첨단","sentenceIndexes":[217,222]}},"218":{"미국":{"term":"미국","sentenceIndexes":[201,207,218]},"지상":{"term":"지상","sentenceIndexes":[217,218,227]},"투입":{"term":"투입","sentenceIndexes":[217,218]}},"219":{},"220":{"군대":{"term":"군대","sentenceIndexes":[192,198,202,203,205,207,210,211,214,216,220]},"전쟁":{"term":"전쟁","sentenceIndexes":[220,222,223,224]}},"221":{"필요":{"term":"필요","sentenceIndexes":[212,221]}},"222":{"전쟁":{"term":"전쟁","sentenceIndexes":[220,222,223,224]},"첨단":{"term":"첨단","sentenceIndexes":[217,222]}},"223":{"전쟁":{"term":"전쟁","sentenceIndexes":[220,222,223,224]},"미래":{"term":"미래","sentenceIndexes":[223,224]},"양상":{"term":"양상","sentenceIndexes":[223,224]}},"224":{"미래":{"term":"미래","sentenceIndexes":[223,224]},"전쟁":{"term":"전쟁","sentenceIndexes":[220,222,223,224]},"양상":{"term":"양상","sentenceIndexes":[223,224]}},"225":{},"226":{"감군":{"term":"감군","sentenceIndexes":[226,227]},"모병":{"term":"모병","sentenceIndexes":[226,231,232,234,235,246,251,252,256,257,259,266,267,271,277,278,280,282,285]}},"227":{"감군":{"term":"감군","sentenceIndexes":[226,227]},"지상":{"term":"지상","sentenceIndexes":[217,218,227]},"현실":{"term":"현실","sentenceIndexes":[227,229]}},"228":{},"229":{"현실":{"term":"현실","sentenceIndexes":[227,229]}},"230":{},"231":{"모병":{"term":"모병","sentenceIndexes":[226,231,232,234,235,246,251,252,256,257,259,266,267,271,277,278,280,282,285]}},"232":{"모병":{"term":"모병","sentenceIndexes":[226,231,232,234,235,246,251,252,256,257,259,266,267,271,277,278,280,282,285]},"전환":{"term":"전환","sentenceIndexes":[232,234]}},"233":{"미국":{"term":"미국","sentenceIndexes":[233,234,237]},"성공":{"term":"성공","sentenceIndexes":[233,236]}},"234":{"미국":{"term":"미국","sentenceIndexes":[233,234,237]},"모병":{"term":"모병","sentenceIndexes":[226,231,232,234,235,246,251,252,256,257,259,266,267,271,277,278,280,282,285]},"전환":{"term":"전환","sentenceIndexes":[232,234]},"자랑":{"term":"자랑","sentenceIndexes":[234,237]},"시민":{"term":"시민","sentenceIndexes":[234,237]},"사회":{"term":"사회","sentenceIndexes":[234,238,249]},"사람":{"term":"사람","sentenceIndexes":[234,241,244]}},"235":{"모병":{"term":"모병","sentenceIndexes":[226,231,232,234,235,246,251,252,256,257,259,266,267,271,277,278,280,282,285]}},"236":{"성공":{"term":"성공","sentenceIndexes":[233,236]}},"237":{"자랑":{"term":"자랑","sentenceIndexes":[234,237]},"미국":{"term":"미국","sentenceIndexes":[233,234,237]},"시민":{"term":"시민","sentenceIndexes":[234,237]},"군대":{"term":"군대","sentenceIndexes":[237,239,241,243,244,249]}},"238":{"사회":{"term":"사회","sentenceIndexes":[234,238,249]},"계층":{"term":"계층","sentenceIndexes":[238,241]}},"239":{"군대":{"term":"군대","sentenceIndexes":[237,239,241,243,244,249]},"청년":{"term":"청년","sentenceIndexes":[239,241]}},"240":{},"241":{"계층":{"term":"계층","sentenceIndexes":[238,241]},"사람":{"term":"사람","sentenceIndexes":[234,241,244]},"청년":{"term":"청년","sentenceIndexes":[239,241]},"군대":{"term":"군대","sentenceIndexes":[237,239,241,243,244,249]},"다리":{"term":"다리","sentenceIndexes":[241,244]}},"242":{},"243":{"군대":{"term":"군대","sentenceIndexes":[237,239,241,243,244,249]}},"244":{"사람":{"term":"사람","sentenceIndexes":[234,241,244]},"다리":{"term":"다리","sentenceIndexes":[241,244]},"군대":{"term":"군대","sentenceIndexes":[237,239,241,243,244,249]},"상황":{"term":"상황","sentenceIndexes":[244,253,256]}},"245":{"이준석":{"term":"이준석","sentenceIndexes":[245,248]},"위원":{"term":"위원","sentenceIndexes":[245,248]}},"246":{"모병":{"term":"모병","sentenceIndexes":[226,231,232,234,235,246,251,252,256,257,259,266,267,271,277,278,280,282,285]}},"247":{},"248":{"이준석":{"term":"이준석","sentenceIndexes":[245,248]},"위원":{"term":"위원","sentenceIndexes":[245,248]}},"249":{"사회":{"term":"사회","sentenceIndexes":[234,238,249]},"군대":{"term":"군대","sentenceIndexes":[237,239,241,243,244,249]},"문제":{"term":"문제","sentenceIndexes":[249,251,252]}},"250":{},"251":{"모병":{"term":"모병","sentenceIndexes":[226,231,232,234,235,246,251,252,256,257,259,266,267,271,277,278,280,282,285]},"문제":{"term":"문제","sentenceIndexes":[249,251,252]},"공급":{"term":"공급","sentenceIndexes":[251,253]},"수요":{"term":"수요","sentenceIndexes":[251,253]},"관리":{"term":"관리","sentenceIndexes":[251,259]},"병력":{"term":"병력","sentenceIndexes":[251,261,269]}},"252":{"모병":{"term":"모병","sentenceIndexes":[226,231,232,234,235,246,251,252,256,257,259,266,267,271,277,278,280,282,285]},"문제":{"term":"문제","sentenceIndexes":[249,251,252]},"제도":{"term":"제도","sentenceIndexes":[252,261,263,271,274,282,289]},"징병":{"term":"징병","sentenceIndexes":[252,261]}},"253":{"공급":{"term":"공급","sentenceIndexes":[251,253]},"수요":{"term":"수요","sentenceIndexes":[251,253]},"상황":{"term":"상황","sentenceIndexes":[244,253,256]},"미달":{"term":"미달","sentenceIndexes":[253,257]}},"254":{},"255":{},"256":{"모병":{"term":"모병","sentenceIndexes":[226,231,232,234,235,246,251,252,256,257,259,266,267,271,277,278,280,282,285]},"상황":{"term":"상황","sentenceIndexes":[244,253,256]}},"257":{"모병":{"term":"모병","sentenceIndexes":[226,231,232,234,235,246,251,252,256,257,259,266,267,271,277,278,280,282,285]},"미달":{"term":"미달","sentenceIndexes":[253,257]}},"258":{},"259":{"관리":{"term":"관리","sentenceIndexes":[251,259]},"모병":{"term":"모병","sentenceIndexes":[226,231,232,234,235,246,251,252,256,257,259,266,267,271,277,278,280,282,285]},"경제":{"term":"경제","sentenceIndexes":[259,260]}},"260":{"경제":{"term":"경제","sentenceIndexes":[259,260]}},"261":{"제도":{"term":"제도","sentenceIndexes":[252,261,263,271,274,282,289]},"징병":{"term":"징병","sentenceIndexes":[252,261]},"병력":{"term":"병력","sentenceIndexes":[251,261,269]},"북한":{"term":"북한","sentenceIndexes":[261,266,267,270]},"고정":{"term":"고정","sentenceIndexes":[261,269]},"유지":{"term":"유지","sentenceIndexes":[261,269]}},"262":{"장경태":{"term":"장경태","sentenceIndexes":[262,265,268,273]},"의원":{"term":"의원","sentenceIndexes":[262,268,276]},"부탁":{"term":"부탁","sentenceIndexes":[262,268]}},"263":{"제도":{"term":"제도","sentenceIndexes":[252,261,263,271,274,282,289]}},"264":{},"265":{"장경태":{"term":"장경태","sentenceIndexes":[262,265,268,273]},"위원":{"term":"위원","sentenceIndexes":[265,273]}},"266":{"북한":{"term":"북한","sentenceIndexes":[261,266,267,270]},"모병":{"term":"모병","sentenceIndexes":[226,231,232,234,235,246,251,252,256,257,259,266,267,271,277,278,280,282,285]}},"267":{"북한":{"term":"북한","sentenceIndexes":[261,266,267,270]},"모병":{"term":"모병","sentenceIndexes":[226,231,232,234,235,246,251,252,256,257,259,266,267,271,277,278,280,282,285]}},"268":{"장경태":{"term":"장경태","sentenceIndexes":[262,265,268,273]},"의원":{"term":"의원","sentenceIndexes":[262,268,276]},"부탁":{"term":"부탁","sentenceIndexes":[262,268]}},"269":{"고정":{"term":"고정","sentenceIndexes":[261,269]},"병력":{"term":"병력","sentenceIndexes":[251,261,269]},"유지":{"term":"유지","sentenceIndexes":[261,269]}},"270":{"북한":{"term":"북한","sentenceIndexes":[261,266,267,270]}},"271":{"제도":{"term":"제도","sentenceIndexes":[252,261,263,271,274,282,289]},"모병":{"term":"모병","sentenceIndexes":[226,231,232,234,235,246,251,252,256,257,259,266,267,271,277,278,280,282,285]}},"272":{},"273":{"장경태":{"term":"장경태","sentenceIndexes":[262,265,268,273]},"위원":{"term":"위원","sentenceIndexes":[265,273]}},"274":{"제도":{"term":"제도","sentenceIndexes":[252,261,263,271,274,282,289]}},"275":{},"276":{"의원":{"term":"의원","sentenceIndexes":[262,268,276]}},"277":{"모병":{"term":"모병","sentenceIndexes":[226,231,232,234,235,246,251,252,256,257,259,266,267,271,277,278,280,282,285]},"전환":{"term":"전환","sentenceIndexes":[277,278,279]},"시기":{"term":"시기","sentenceIndexes":[277,287]}},"278":{"모병":{"term":"모병","sentenceIndexes":[226,231,232,234,235,246,251,252,256,257,259,266,267,271,277,278,280,282,285]},"전환":{"term":"전환","sentenceIndexes":[277,278,279]}},"279":{"전환":{"term":"전환","sentenceIndexes":[277,278,279]},"의미":{"term":"의미","sentenceIndexes":[279,282]}},"280":{"모병":{"term":"모병","sentenceIndexes":[226,231,232,234,235,246,251,252,256,257,259,266,267,271,277,278,280,282,285]},"일본":{"term":"일본","sentenceIndexes":[280,281]},"국방":{"term":"국방","sentenceIndexes":[280,282]},"약화":{"term":"약화","sentenceIndexes":[280,282]}},"281":{"일본":{"term":"일본","sentenceIndexes":[280,281]},"군대":{"term":"군대","sentenceIndexes":[281,288,293,295,298,299,301,307,313,314,320]}},"282":{"국방":{"term":"국방","sentenceIndexes":[280,282]},"약화":{"term":"약화","sentenceIndexes":[280,282]},"제도":{"term":"제도","sentenceIndexes":[252,261,263,271,274,282,289]},"모병":{"term":"모병","sentenceIndexes":[226,231,232,234,235,246,251,252,256,257,259,266,267,271,277,278,280,282,285]},"의미":{"term":"의미","sentenceIndexes":[279,282]},"육군":{"term":"육군","sentenceIndexes":[282,283,284]},"해체":{"term":"해체","sentenceIndexes":[282,284]},"논리":{"term":"논리","sentenceIndexes":[282,284]}},"283":{"육군":{"term":"육군","sentenceIndexes":[282,283,284]}},"284":{"육군":{"term":"육군","sentenceIndexes":[282,283,284]},"해체":{"term":"해체","sentenceIndexes":[282,284]},"논리":{"term":"논리","sentenceIndexes":[282,284]}},"285":{"모병":{"term":"모병","sentenceIndexes":[226,231,232,234,235,246,251,252,256,257,259,266,267,271,277,278,280,282,285]}},"286":{},"287":{"시기":{"term":"시기","sentenceIndexes":[277,287]},"사회":{"term":"사회","sentenceIndexes":[287,288]},"청년":{"term":"청년","sentenceIndexes":[287,296]}},"288":{"군대":{"term":"군대","sentenceIndexes":[281,288,293,295,298,299,301,307,313,314,320]},"사회":{"term":"사회","sentenceIndexes":[287,288]}},"289":{"제도":{"term":"제도","sentenceIndexes":[252,261,263,271,274,282,289]}},"290":{},"291":{"기본":{"term":"기본","sentenceIndexes":[291,293,302]},"부자":{"term":"부자","sentenceIndexes":[291,293]},"사람":{"term":"사람","sentenceIndexes":[291,293,295,299]},"가난":{"term":"가난","sentenceIndexes":[291,293,295]},"소득":{"term":"소득","sentenceIndexes":[291,295]}},"292":{},"293":{"기본":{"term":"기본","sentenceIndexes":[291,293,302]},"부자":{"term":"부자","sentenceIndexes":[291,293]},"사람":{"term":"사람","sentenceIndexes":[291,293,295,299]},"군대":{"term":"군대","sentenceIndexes":[281,288,293,295,298,299,301,307,313,314,320]},"가난":{"term":"가난","sentenceIndexes":[291,293,295]}},"294":{},"295":{"가난":{"term":"가난","sentenceIndexes":[291,293,295]},"사람":{"term":"사람","sentenceIndexes":[291,293,295,299]},"군대":{"term":"군대","sentenceIndexes":[281,288,293,295,298,299,301,307,313,314,320]},"소득":{"term":"소득","sentenceIndexes":[291,295]}},"296":{"청년":{"term":"청년","sentenceIndexes":[287,296]}},"297":{"자녀":{"term":"자녀","sentenceIndexes":[297,298,299]},"이야기":{"term":"이야기","sentenceIndexes":[297,298]}},"298":{"군대":{"term":"군대","sentenceIndexes":[281,288,293,295,298,299,301,307,313,314,320]},"자녀":{"term":"자녀","sentenceIndexes":[297,298,299]},"이야기":{"term":"이야기","sentenceIndexes":[297,298]},"모병":{"term":"모병","sentenceIndexes":[298,301,305]},"소외":{"term":"소외","sentenceIndexes":[298,307]},"계층":{"term":"계층","sentenceIndexes":[298,307]}},"299":{"자녀":{"term":"자녀","sentenceIndexes":[297,298,299]},"군대":{"term":"군대","sentenceIndexes":[281,288,293,295,298,299,301,307,313,314,320]},"사람":{"term":"사람","sentenceIndexes":[291,293,295,299]}},"300":{},"301":{"군대":{"term":"군대","sentenceIndexes":[281,288,293,295,298,299,301,307,313,314,320]},"모병":{"term":"모병","sentenceIndexes":[298,301,305]}},"302":{"기본":{"term":"기본","sentenceIndexes":[291,293,302]},"자리":{"term":"자리","sentenceIndexes":[302,303,305,306,307,309,311,314]},"양질":{"term":"양질","sentenceIndexes":[302,306,314]}},"303":{"자리":{"term":"자리","sentenceIndexes":[302,303,305,306,307,309,311,314]}},"304":{},"305":{"모병":{"term":"모병","sentenceIndexes":[298,301,305]},"자리":{"term":"자리","sentenceIndexes":[302,303,305,306,307,309,311,314]}},"306":{"양질":{"term":"양질","sentenceIndexes":[302,306,314]},"자리":{"term":"자리","sentenceIndexes":[302,303,305,306,307,309,311,314]}},"307":{"자리":{"term":"자리","sentenceIndexes":[302,303,305,306,307,309,311,314]},"군대":{"term":"군대","sentenceIndexes":[281,288,293,295,298,299,301,307,313,314,320]},"소외":{"term":"소외","sentenceIndexes":[298,307]},"계층":{"term":"계층","sentenceIndexes":[298,307]}},"308":{},"309":{"자리":{"term":"자리","sentenceIndexes":[302,303,305,306,307,309,311,314]}},"310":{"군인":{"term":"군인","sentenceIndexes":[310,316,317]},"직업":{"term":"직업","sentenceIndexes":[310,317]}},"311":{"자리":{"term":"자리","sentenceIndexes":[302,303,305,306,307,309,311,314]}},"312":{},"313":{"군대":{"term":"군대","sentenceIndexes":[281,288,293,295,298,299,301,307,313,314,320]},"사람":{"term":"사람","sentenceIndexes":[313,314]},"인식":{"term":"인식","sentenceIndexes":[313,314]},"국민":{"term":"국민","sentenceIndexes":[313,316]}},"314":{"사람":{"term":"사람","sentenceIndexes":[313,314]},"양질":{"term":"양질","sentenceIndexes":[302,306,314]},"자리":{"term":"자리","sentenceIndexes":[302,303,305,306,307,309,311,314]},"군대":{"term":"군대","sentenceIndexes":[281,288,293,295,298,299,301,307,313,314,320]},"인식":{"term":"인식","sentenceIndexes":[313,314]}},"315":{"로마":{"term":"로마","sentenceIndexes":[315,316,318,320]},"제국":{"term":"제국","sentenceIndexes":[315,316]}},"316":{"국민":{"term":"국민","sentenceIndexes":[313,316]},"로마":{"term":"로마","sentenceIndexes":[315,316,318,320]},"제국":{"term":"제국","sentenceIndexes":[315,316]},"군인":{"term":"군인","sentenceIndexes":[310,316,317]},"황제":{"term":"황제","sentenceIndexes":[316,317]},"시대":{"term":"시대","sentenceIndexes":[316,317]}},"317":{"직업":{"term":"직업","sentenceIndexes":[310,317]},"군인":{"term":"군인","sentenceIndexes":[310,316,317]},"황제":{"term":"황제","sentenceIndexes":[316,317]},"시대":{"term":"시대","sentenceIndexes":[316,317]},"지원":{"term":"지원","sentenceIndexes":[317,321,330]}},"318":{"로마":{"term":"로마","sentenceIndexes":[315,316,318,320]},"용병":{"term":"용병","sentenceIndexes":[318,322,323]}},"319":{},"320":{"로마":{"term":"로마","sentenceIndexes":[315,316,318,320]},"군대":{"term":"군대","sentenceIndexes":[281,288,293,295,298,299,301,307,313,314,320]},"모병":{"term":"모병","sentenceIndexes":[320,329,338]}},"321":{"지원":{"term":"지원","sentenceIndexes":[317,321,330]}},"322":{"용병":{"term":"용병","sentenceIndexes":[318,322,323]}},"323":{"용병":{"term":"용병","sentenceIndexes":[318,322,323]}},"324":{"위원":{"term":"위원","sentenceIndexes":[324,325]}},"325":{"위원":{"term":"위원","sentenceIndexes":[324,325]},"아들":{"term":"아들","sentenceIndexes":[325,329,335,337,338]}},"326":{},"327":{},"328":{},"329":{"아들":{"term":"아들","sentenceIndexes":[325,329,335,337,338]},"모병":{"term":"모병","sentenceIndexes":[320,329,338]},"찬성":{"term":"찬성","sentenceIndexes":[329,330,331,335]},"평생":{"term":"평생","sentenceIndexes":[329,335]},"병장":{"term":"병장","sentenceIndexes":[329,335]}},"330":{"지원":{"term":"지원","sentenceIndexes":[317,321,330]},"찬성":{"term":"찬성","sentenceIndexes":[329,330,331,335]}},"331":{"찬성":{"term":"찬성","sentenceIndexes":[329,330,331,335]},"사람":{"term":"사람","sentenceIndexes":[331,337]}},"332":{"군대":{"term":"군대","sentenceIndexes":[332,333,334,337,340,342,343,345,347]},"인식":{"term":"인식","sentenceIndexes":[332,339,340]}},"333":{"군대":{"term":"군대","sentenceIndexes":[332,333,334,337,340,342,343,345,347]}},"334":{"군대":{"term":"군대","sentenceIndexes":[332,333,334,337,340,342,343,345,347]}},"335":{"아들":{"term":"아들","sentenceIndexes":[325,329,335,337,338]},"평생":{"term":"평생","sentenceIndexes":[329,335]},"병장":{"term":"병장","sentenceIndexes":[329,335]},"찬성":{"term":"찬성","sentenceIndexes":[329,330,331,335]},"상황":{"term":"상황","sentenceIndexes":[335,338]},"사회":{"term":"사회","sentenceIndexes":[335,339]}},"336":{},"337":{"사람":{"term":"사람","sentenceIndexes":[331,337]},"군대":{"term":"군대","sentenceIndexes":[332,333,334,337,340,342,343,345,347]},"아들":{"term":"아들","sentenceIndexes":[325,329,335,337,338]}},"338":{"아들":{"term":"아들","sentenceIndexes":[325,329,335,337,338]},"상황":{"term":"상황","sentenceIndexes":[335,338]},"모병":{"term":"모병","sentenceIndexes":[320,329,338]}},"339":{"사회":{"term":"사회","sentenceIndexes":[335,339]},"인식":{"term":"인식","sentenceIndexes":[332,339,340]}},"340":{"군대":{"term":"군대","sentenceIndexes":[332,333,334,337,340,342,343,345,347]},"인식":{"term":"인식","sentenceIndexes":[332,339,340]},"미국":{"term":"미국","sentenceIndexes":[340,345,347]}},"341":{},"342":{"군대":{"term":"군대","sentenceIndexes":[332,333,334,337,340,342,343,345,347]},"위협":{"term":"위협","sentenceIndexes":[342,344,346,348,349,350]},"방법":{"term":"방법","sentenceIndexes":[342,349,350]}},"343":{"군대":{"term":"군대","sentenceIndexes":[332,333,334,337,340,342,343,345,347]}},"344":{"위협":{"term":"위협","sentenceIndexes":[342,344,346,348,349,350]}},"345":{"미국":{"term":"미국","sentenceIndexes":[340,345,347]},"군대":{"term":"군대","sentenceIndexes":[332,333,334,337,340,342,343,345,347]},"유지":{"term":"유지","sentenceIndexes":[345,349]}},"346":{"위협":{"term":"위협","sentenceIndexes":[342,344,346,348,349,350]},"세계":{"term":"세계","sentenceIndexes":[346,347,356]}},"347":{"미국":{"term":"미국","sentenceIndexes":[340,345,347]},"세계":{"term":"세계","sentenceIndexes":[346,347,356]},"군대":{"term":"군대","sentenceIndexes":[332,333,334,337,340,342,343,345,347]}},"348":{"위협":{"term":"위협","sentenceIndexes":[342,344,346,348,349,350]}},"349":{"위협":{"term":"위협","sentenceIndexes":[342,344,346,348,349,350]},"유지":{"term":"유지","sentenceIndexes":[345,349]},"방법":{"term":"방법","sentenceIndexes":[342,349,350]},"대응":{"term":"대응","sentenceIndexes":[349,350]},"인구":{"term":"인구","sentenceIndexes":[349,350]}},"350":{"방법":{"term":"방법","sentenceIndexes":[342,349,350]},"위협":{"term":"위협","sentenceIndexes":[342,344,346,348,349,350]},"대응":{"term":"대응","sentenceIndexes":[349,350]},"인구":{"term":"인구","sentenceIndexes":[349,350]}},"351":{},"352":{},"353":{},"354":{"논쟁":{"term":"논쟁","sentenceIndexes":[354,363]}},"355":{"예비":{"term":"예비","sentenceIndexes":[355,356,360]},"나라":{"term":"나라","sentenceIndexes":[355,357]}},"356":{"예비":{"term":"예비","sentenceIndexes":[355,356,360]},"세계":{"term":"세계","sentenceIndexes":[346,347,356]}},"357":{"나라":{"term":"나라","sentenceIndexes":[355,357]}},"358":{},"359":{},"360":{"예비":{"term":"예비","sentenceIndexes":[355,356,360]}},"361":{"존재":{"term":"존재","sentenceIndexes":[361,364]}},"362":{"지속":{"term":"지속","sentenceIndexes":[362,363,364,366]},"가능":{"term":"가능","sentenceIndexes":[362,363,364,366]},"위협":{"term":"위협","sentenceIndexes":[362,363,364]}},"363":{"지속":{"term":"지속","sentenceIndexes":[362,363,364,366]},"가능":{"term":"가능","sentenceIndexes":[362,363,364,366]},"위협":{"term":"위협","sentenceIndexes":[362,363,364]},"논쟁":{"term":"논쟁","sentenceIndexes":[354,363]}},"364":{"지속":{"term":"지속","sentenceIndexes":[362,363,364,366]},"가능":{"term":"가능","sentenceIndexes":[362,363,364,366]},"위협":{"term":"위협","sentenceIndexes":[362,363,364]},"존재":{"term":"존재","sentenceIndexes":[361,364]},"방법":{"term":"방법","sentenceIndexes":[364,375]}},"365":{},"366":{"지속":{"term":"지속","sentenceIndexes":[362,363,364,366]},"가능":{"term":"가능","sentenceIndexes":[362,363,364,366]}},"367":{"자원":{"term":"자원","sentenceIndexes":[367,368]},"군대":{"term":"군대","sentenceIndexes":[367,370,372,373,377]}},"368":{"자원":{"term":"자원","sentenceIndexes":[367,368]},"수준":{"term":"수준","sentenceIndexes":[368,371,375]}},"369":{"스펙":{"term":"스펙","sentenceIndexes":[369,370]},"세계":{"term":"세계","sentenceIndexes":[369,370]},"병사":{"term":"병사","sentenceIndexes":[369,375]}},"370":{"스펙":{"term":"스펙","sentenceIndexes":[369,370]},"군대":{"term":"군대","sentenceIndexes":[367,370,372,373,377]},"세계":{"term":"세계","sentenceIndexes":[369,370]}},"371":{"수준":{"term":"수준","sentenceIndexes":[368,371,375]}},"372":{"군대":{"term":"군대","sentenceIndexes":[367,370,372,373,377]},"청년":{"term":"청년","sentenceIndexes":[372,374,377]},"자율":{"term":"자율","sentenceIndexes":[372,374]},"창의":{"term":"창의","sentenceIndexes":[372,374]},"극대":{"term":"극대","sentenceIndexes":[372,377]}},"373":{"군대":{"term":"군대","sentenceIndexes":[367,370,372,373,377]}},"374":{"청년":{"term":"청년","sentenceIndexes":[372,374,377]},"자율":{"term":"자율","sentenceIndexes":[372,374]},"창의":{"term":"창의","sentenceIndexes":[372,374]}},"375":{"병사":{"term":"병사","sentenceIndexes":[369,375]},"수준":{"term":"수준","sentenceIndexes":[368,371,375]},"방법":{"term":"방법","sentenceIndexes":[364,375]},"개발":{"term":"개발","sentenceIndexes":[375,377]}},"376":{},"377":{"청년":{"term":"청년","sentenceIndexes":[372,374,377]},"개발":{"term":"개발","sentenceIndexes":[375,377]},"극대":{"term":"극대","sentenceIndexes":[372,377]},"군대":{"term":"군대","sentenceIndexes":[367,370,372,373,377]}},"378":{},"379":{},"380":{},"381":{}}