{"0":{"기본소득":{"term":"기본소득","sentenceIndexes":[0,1,3,5]},"안심소득":{"term":"안심소득","sentenceIndexes":[0,1,4,6]}},"1":{"기본소득":{"term":"기본소득","sentenceIndexes":[0,1,3,5]},"안심소득":{"term":"안심소득","sentenceIndexes":[0,1,4,6]},"효과":{"term":"효과","sentenceIndexes":[1,4,5,7]}},"2":{},"3":{"기본소득":{"term":"기본소득","sentenceIndexes":[0,1,3,5]}},"4":{"안심소득":{"term":"안심소득","sentenceIndexes":[0,1,4,6]},"효과":{"term":"효과","sentenceIndexes":[1,4,5,7]}},"5":{"기본소득":{"term":"기본소득","sentenceIndexes":[0,1,3,5]},"효과":{"term":"효과","sentenceIndexes":[1,4,5,7]}},"6":{"안심소득":{"term":"안심소득","sentenceIndexes":[0,1,4,6]}},"7":{"효과":{"term":"효과","sentenceIndexes":[1,4,5,7]}},"8":{}}